{
  "d785": {
    "color": "yellow",
    "shape": "hexagon",
    "material": "fabric",
    "size": "M",
    "pattern": "dotted",
    "origin": "urban",
    "use_case": "indoor",
    "energy": "manual"
  },
  "aff9": {
    "color": "green",
    "shape": "triangle",
    "material": "wood",
    "size": "L",
    "pattern": "solid",
    "origin": "mountain",
    "use_case": "outdoor",
    "energy": "solar"
  },
  "f9a2": {
    "color": "green",
    "shape": "triangle",
    "material": "glass",
    "size": "L",
    "pattern": "plaid",
    "origin": "coastal",
    "use_case": "wearable",
    "energy": "electric"
  },
  "9a1d": {
    "color": "blue",
    "shape": "triangle",
    "material": "plastic",
    "size": "XL",
    "pattern": "striped",
    "origin": "urban",
    "use_case": "wearable",
    "energy": "electric"
  },
  "6d96": {
    "color": "red",
    "shape": "circle",
    "material": "wood",
    "size": "S",
    "pattern": "solid",
    "origin": "rural",
    "use_case": "stationary",
    "energy": "electric"
  },
  "0ffd": {
    "color": "black",
    "shape": "hexagon",
    "material": "glass",
    "size": "L",
    "pattern": "solid",
    "origin": "mountain",
    "use_case": "outdoor",
    "energy": "solar"
  },
  "4f82": {
    "color": "green",
    "shape": "square",
    "material": "plastic",
    "size": "M",
    "pattern": "dotted",
    "origin": "urban",
    "use_case": "indoor",
    "energy": "solar"
  },
  "4cb1": {
    "color": "blue",
    "shape": "hexagon",
    "material": "wood",
    "size": "M",
    "pattern": "plaid",
    "origin": "coastal",
    "use_case": "indoor",
    "energy": "solar"
  },
  "a080": {
    "color": "black",
    "shape": "square",
    "material": "wood",
    "size": "M",
    "pattern": "plaid",
    "origin": "rural",
    "use_case": "wearable",
    "energy": "manual"
  },
  "050d": {
    "color": "yellow",
    "shape": "square",
    "material": "glass",
    "size": "L",
    "pattern": "plaid",
    "origin": "coastal",
    "use_case": "outdoor",
    "energy": "manual"
  },
  "b9f7": {
    "color": "black",
    "shape": "hexagon",
    "material": "fabric",
    "size": "L",
    "pattern": "dotted",
    "origin": "coastal",
    "use_case": "indoor",
    "energy": "manual"
  },
  "c1db": {
    "color": "black",
    "shape": "hexagon",
    "material": "fabric",
    "size": "M",
    "pattern": "plaid",
    "origin": "coastal",
    "use_case": "outdoor",
    "energy": "electric"
  },
  "d077": {
    "color": "yellow",
    "shape": "triangle",
    "material": "wood",
    "size": "XS",
    "pattern": "solid",
    "origin": "urban",
    "use_case": "stationary",
    "energy": "solar"
  },
  "3f70": {
    "color": "green",
    "shape": "triangle",
    "material": "plastic",
    "size": "M",
    "pattern": "solid",
    "origin": "mountain",
    "use_case": "indoor",
    "energy": "solar"
  },
  "2f74": {
    "color": "blue",
    "shape": "square",
    "material": "fabric",
    "size": "XS",
    "pattern": "solid",
    "origin": "urban",
    "use_case": "outdoor",
    "energy": "manual"
  },
  "642a": {
    "color": "red",
    "shape": "hexagon",
    "material": "glass",
    "size": "S",
    "pattern": "dotted",
    "origin": "mountain",
    "use_case": "indoor",
    "energy": "solar"
  },
  "5a46": {
    "color": "green",
    "shape": "triangle",
    "material": "fabric",
    "size": "S",
    "pattern": "dotted",
    "origin": "mountain",
    "use_case": "stationary",
    "energy": "electric"
  },
  "1893": {
    "color": "blue",
    "shape": "circle",
    "material": "metal",
    "size": "L",
    "pattern": "solid",
    "origin": "rural",
    "use_case": "wearable",
    "energy": "solar"
  },
  "bbb5": {
    "color": "yellow",
    "shape": "circle",
    "material": "plastic",
    "size": "XS",
    "pattern": "plaid",
    "origin": "coastal",
    "use_case": "stationary",
    "energy": "electric"
  },
  "3184": {
    "color": "green",
    "shape": "square",
    "material": "fabric",
    "size": "S",
    "pattern": "plaid",
    "origin": "urban",
    "use_case": "indoor",
    "energy": "manual"
  },
  "7792": {
    "color": "yellow",
    "shape": "hexagon",
    "material": "glass",
    "size": "XS",
    "pattern": "dotted",
    "origin": "urban",
    "use_case": "indoor",
    "energy": "solar"
  },
  "7174": {
    "color": "green",
    "shape": "hexagon",
    "material": "metal",
    "size": "S",
    "pattern": "striped",
    "origin": "mountain",
    "use_case": "outdoor",
    "energy": "manual"
  },
  "d032": {
    "color": "red",
    "shape": "triangle",
    "material": "metal",
    "size": "M",
    "pattern": "solid",
    "origin": "mountain",
    "use_case": "indoor",
    "energy": "manual"
  },
  "d5a7": {
    "color": "green",
    "shape": "circle",
    "material": "metal",
    "size": "S",
    "pattern": "dotted",
    "origin": "mountain",
    "use_case": "wearable",
    "energy": "electric"
  },
  "e110": {
    "color": "yellow",
    "shape": "circle",
    "material": "fabric",
    "size": "M",
    "pattern": "plaid",
    "origin": "rural",
    "use_case": "stationary",
    "energy": "manual"
  }
}