{
  "type": "node",
  "attribute": "material",
  "children": {
    "glass": {
      "type": "node",
      "attribute": "color",
      "children": {
        "yellow": {
          "type": "node",
          "attribute": "energy",
          "children": {
            "manual": {
              "type": "leaf",
              "candidates": [
                "050d"
              ],
              "depth": 3
            },
            "solar": {
              "type": "leaf",
              "candidates": [
                "7792"
              ],
              "depth": 3
            }
          },
          "depth": 2
        },
        "black": {
          "type": "leaf",
          "candidates": [
            "0ffd"
          ],
          "depth": 2
        },
        "red": {
          "type": "leaf",
          "candidates": [
            "642a"
          ],
          "depth": 2
        },
        "green": {
          "type": "leaf",
          "candidates": [
            "f9a2"
          ],
          "depth": 2
        }
      },
      "depth": 1
    },
    "metal": {
      "type": "node",
      "attribute": "color",
      "children": {
        "blue": {
          "type": "leaf",
          "candidates": [
            "1893"
          ],
          "depth": 2
        },
        "green": {
          "type": "node",
          "attribute": "energy",
          "children": {
            "manual": {
              "type": "leaf",
              "candidates": [
                "7174"
              ],
              "depth": 3
            },
            "electric": {
              "type": "leaf",
              "candidates": [
                "d5a7"
              ],
              "depth": 3
            }
          },
          "depth": 2
        },
        "red": {
          "type": "leaf",
          "candidates": [
            "d032"
          ],
          "depth": 2
        }
      },
      "depth": 1
    },
    "fabric": {
      "type": "node",
      "attribute": "color",
      "children": {
        "blue": {
          "type": "leaf",
          "candidates": [
            "2f74"
          ],
          "depth": 2
        },
        "green": {
          "type": "node",
          "attribute": "energy",
          "children": {
            "manual": {
              "type": "leaf",
              "candidates": [
                "3184"
              ],
              "depth": 3
            },
            "electric": {
              "type": "leaf",
              "candidates": [
                "5a46"
              ],
              "depth": 3
            }
          },
          "depth": 2
        },
        "black": {
          "type": "node",
          "attribute": "energy",
          "children": {
            "manual": {
              "type": "leaf",
              "candidates": [
                "b9f7"
              ],
              "depth": 3
            },
            "electric": {
              "type": "leaf",
              "candidates": [
                "c1db"
              ],
              "depth": 3
            }
          },
          "depth": 2
        },
        "yellow": {
          "type": "node",
          "attribute": "origin",
          "children": {
            "urban": {
              "type": "leaf",
              "candidates": [
                "d785"
              ],
              "depth": 3
            },
            "rural": {
              "type": "leaf",
              "candidates": [
                "e110"
              ],
              "depth": 3
            }
          },
          "depth": 2
        }
      },
      "depth": 1
    },
    "plastic": {
      "type": "node",
      "attribute": "pattern",
      "children": {
        "solid": {
          "type": "leaf",
          "candidates": [
            "3f70"
          ],
          "depth": 2
        },
        "dotted": {
          "type": "leaf",
          "candidates": [
            "4f82"
          ],
          "depth": 2
        },
        "striped": {
          "type": "leaf",
          "candidates": [
            "9a1d"
          ],
          "depth": 2
        },
        "plaid": {
          "type": "leaf",
          "candidates": [
            "bbb5"
          ],
          "depth": 2
        }
      },
      "depth": 1
    },
    "wood": {
      "type": "node",
      "attribute": "color",
      "children": {
        "blue": {
          "type": "leaf",
          "candidates": [
            "4cb1"
          ],
          "depth": 2
        },
        "red": {
          "type": "leaf",
          "candidates": [
            "6d96"
          ],
          "depth": 2
        },
        "black": {
          "type": "leaf",
          "candidates": [
            "a080"
          ],
          "depth": 2
        },
        "green": {
          "type": "leaf",
          "candidates": [
            "aff9"
          ],
          "depth": 2
        },
        "yellow": {
          "type": "leaf",
          "candidates": [
            "d077"
          ],
          "depth": 2
        }
      },
      "depth": 1
    }
  },
  "depth": 0
}