{
  "color": [
    "red",
    "blue",
    "green",
    "yellow",
    "black"
  ],
  "shape": [
    "circle",
    "square",
    "triangle",
    "hexagon"
  ],
  "material": [
    "wood",
    "metal",
    "plastic",
    "fabric",
    "glass"
  ],
  "size": [
    "XS",
    "S",
    "M",
    "L",
    "XL"
  ],
  "pattern": [
    "solid",
    "striped",
    "dotted",
    "plaid"
  ],
  "origin": [
    "urban",
    "rural",
    "coastal",
    "mountain"
  ],
  "use_case": [
    "indoor",
    "outdoor",
    "wearable",
    "stationary"
  ],
  "energy": [
    "manual",
    "electric",
    "solar"
  ]
}